<annotation>
	<folder>VOC2007</folder>
	<filename>000466.jpg</filename>
	<source>
		<database>The VOC2007 Database</database>
		<annotation>PASCAL VOC2007</annotation>
		<image>flickr</image>
		<flickrid>29849355</flickrid>
	</source>
	<owner>
		<flickrid>Soul Fusion Kitchen</flickrid>
		<name>Sylvie</name>
	</owner>
	<size>
		<width>500</width>
		<height>375</height>
		<depth>3</depth>
	</size>
	<segmented>0</segmented>
	<object>
		<name>bird</name>
		<pose>Left</pose>
		<truncated>1</truncated>
		<difficult>0</difficult>
		<bndbox>
			<xmin>241</xmin>
			<ymin>104</ymin>
			<xmax>344</xmax>
			<ymax>258</ymax>
		</bndbox>
	</object>
</annotation>
