<annotation>
	<folder>VOC2007</folder>
	<filename>000884.jpg</filename>
	<source>
		<database>The VOC2007 Database</database>
		<annotation>PASCAL VOC2007</annotation>
		<image>flickr</image>
		<flickrid>339405848</flickrid>
	</source>
	<owner>
		<flickrid>longwayround</flickrid>
		<name>Luke and Kate Bosman</name>
	</owner>
	<size>
		<width>500</width>
		<height>334</height>
		<depth>3</depth>
	</size>
	<segmented>0</segmented>
	<object>
		<name>sheep</name>
		<pose>Right</pose>
		<truncated>1</truncated>
		<difficult>0</difficult>
		<bndbox>
			<xmin>1</xmin>
			<ymin>99</ymin>
			<xmax>356</xmax>
			<ymax>334</ymax>
		</bndbox>
	</object>
</annotation>
