<annotation>
	<folder>VOC2007</folder>
	<filename>000941.jpg</filename>
	<source>
		<database>The VOC2007 Database</database>
		<annotation>PASCAL VOC2007</annotation>
		<image>flickr</image>
		<flickrid>320757281</flickrid>
	</source>
	<owner>
		<flickrid>S Egan</flickrid>
		<name>Susan Egan</name>
	</owner>
	<size>
		<width>500</width>
		<height>399</height>
		<depth>3</depth>
	</size>
	<segmented>0</segmented>
	<object>
		<name>sofa</name>
		<pose>Frontal</pose>
		<truncated>1</truncated>
		<difficult>0</difficult>
		<bndbox>
			<xmin>14</xmin>
			<ymin>190</ymin>
			<xmax>500</xmax>
			<ymax>399</ymax>
		</bndbox>
	</object>
</annotation>
