<annotation>
	<folder>VOC2007</folder>
	<filename>001007.jpg</filename>
	<source>
		<database>The VOC2007 Database</database>
		<annotation>PASCAL VOC2007</annotation>
		<image>flickr</image>
		<flickrid>314674547</flickrid>
	</source>
	<owner>
		<flickrid>coconut28</flickrid>
		<name>?</name>
	</owner>
	<size>
		<width>500</width>
		<height>375</height>
		<depth>3</depth>
	</size>
	<segmented>0</segmented>
	<object>
		<name>tvmonitor</name>
		<pose>Frontal</pose>
		<truncated>0</truncated>
		<difficult>0</difficult>
		<bndbox>
			<xmin>132</xmin>
			<ymin>117</ymin>
			<xmax>380</xmax>
			<ymax>336</ymax>
		</bndbox>
	</object>
</annotation>
