<annotation>
	<folder>VOC2007</folder>
	<filename>001049.jpg</filename>
	<source>
		<database>The VOC2007 Database</database>
		<annotation>PASCAL VOC2007</annotation>
		<image>flickr</image>
		<flickrid>338192656</flickrid>
	</source>
	<owner>
		<flickrid>AmazingLand</flickrid>
		<name>?</name>
	</owner>
	<size>
		<width>500</width>
		<height>224</height>
		<depth>3</depth>
	</size>
	<segmented>0</segmented>
	<object>
		<name>boat</name>
		<pose>Unspecified</pose>
		<truncated>0</truncated>
		<difficult>0</difficult>
		<bndbox>
			<xmin>103</xmin>
			<ymin>68</ymin>
			<xmax>256</xmax>
			<ymax>165</ymax>
		</bndbox>
	</object>
</annotation>
