<annotation>
	<folder>VOC2007</folder>
	<filename>001005.jpg</filename>
	<source>
		<database>The VOC2007 Database</database>
		<annotation>PASCAL VOC2007</annotation>
		<image>flickr</image>
		<flickrid>318445741</flickrid>
	</source>
	<owner>
		<flickrid>gatekiller</flickrid>
		<name>Stephen Hill</name>
	</owner>
	<size>
		<width>500</width>
		<height>404</height>
		<depth>3</depth>
	</size>
	<segmented>0</segmented>
	<object>
		<name>car</name>
		<pose>Unspecified</pose>
		<truncated>0</truncated>
		<difficult>0</difficult>
		<bndbox>
			<xmin>38</xmin>
			<ymin>149</ymin>
			<xmax>268</xmax>
			<ymax>258</ymax>
		</bndbox>
	</object>
</annotation>
