<annotation>
	<folder>VOC2007</folder>
	<filename>001048.jpg</filename>
	<source>
		<database>The VOC2007 Database</database>
		<annotation>PASCAL VOC2007</annotation>
		<image>flickr</image>
		<flickrid>319096081</flickrid>
	</source>
	<owner>
		<flickrid>Public Enemy #1</flickrid>
		<name>?</name>
	</owner>
	<size>
		<width>500</width>
		<height>375</height>
		<depth>3</depth>
	</size>
	<segmented>0</segmented>
	<object>
		<name>cat</name>
		<pose>Frontal</pose>
		<truncated>1</truncated>
		<difficult>0</difficult>
		<bndbox>
			<xmin>170</xmin>
			<ymin>88</ymin>
			<xmax>376</xmax>
			<ymax>248</ymax>
		</bndbox>
	</object>
</annotation>
