<annotation>
	<folder>VOC2007</folder>
	<filename>001089.jpg</filename>
	<source>
		<database>The VOC2007 Database</database>
		<annotation>PASCAL VOC2007</annotation>
		<image>flickr</image>
		<flickrid>334990577</flickrid>
	</source>
	<owner>
		<flickrid>nambi_73</flickrid>
		<name>?</name>
	</owner>
	<size>
		<width>500</width>
		<height>375</height>
		<depth>3</depth>
	</size>
	<segmented>0</segmented>
	<object>
		<name>bicycle</name>
		<pose>Left</pose>
		<truncated>0</truncated>
		<difficult>0</difficult>
		<bndbox>
			<xmin>12</xmin>
			<ymin>86</ymin>
			<xmax>457</xmax>
			<ymax>328</ymax>
		</bndbox>
	</object>
</annotation>
