<annotation>
	<folder>VOC2007</folder>
	<filename>001094.jpg</filename>
	<source>
		<database>The VOC2007 Database</database>
		<annotation>PASCAL VOC2007</annotation>
		<image>flickr</image>
		<flickrid>342054426</flickrid>
	</source>
	<owner>
		<flickrid>ahockley</flickrid>
		<name>Aaron Hockley</name>
	</owner>
	<size>
		<width>500</width>
		<height>333</height>
		<depth>3</depth>
	</size>
	<segmented>0</segmented>
	<object>
		<name>train</name>
		<pose>Right</pose>
		<truncated>1</truncated>
		<difficult>0</difficult>
		<bndbox>
			<xmin>2</xmin>
			<ymin>167</ymin>
			<xmax>347</xmax>
			<ymax>212</ymax>
		</bndbox>
	</object>
</annotation>
