<annotation>
	<folder>VOC2007</folder>
	<filename>000175.jpg</filename>
	<source>
		<database>The VOC2007 Database</database>
		<annotation>PASCAL VOC2007</annotation>
		<image>flickr</image>
		<flickrid>330524865</flickrid>
	</source>
	<owner>
		<flickrid>jlouisemurphy</flickrid>
		<name>jennifer murphy</name>
	</owner>
	<size>
		<width>500</width>
		<height>332</height>
		<depth>3</depth>
	</size>
	<segmented>1</segmented>
	<object>
		<name>sheep</name>
		<pose>Unspecified</pose>
		<truncated>0</truncated>
		<difficult>0</difficult>
		<bndbox>
			<xmin>25</xmin>
			<ymin>34</ymin>
			<xmax>419</xmax>
			<ymax>271</ymax>
		</bndbox>
	</object>
</annotation>
