<annotation>
	<folder>VOC2007</folder>
	<filename>000566.jpg</filename>
	<source>
		<database>The VOC2007 Database</database>
		<annotation>PASCAL VOC2007</annotation>
		<image>flickr</image>
		<flickrid>331295905</flickrid>
	</source>
	<owner>
		<flickrid>tom_barton</flickrid>
		<name>Tom Barton</name>
	</owner>
	<size>
		<width>500</width>
		<height>333</height>
		<depth>3</depth>
	</size>
	<segmented>0</segmented>
	<object>
		<name>person</name>
		<pose>Frontal</pose>
		<truncated>1</truncated>
		<difficult>0</difficult>
		<bndbox>
			<xmin>16</xmin>
			<ymin>29</ymin>
			<xmax>315</xmax>
			<ymax>333</ymax>
		</bndbox>
	</object>
</annotation>
