<annotation>
	<folder>VOC2007</folder>
	<filename>000560.jpg</filename>
	<source>
		<database>The VOC2007 Database</database>
		<annotation>PASCAL VOC2007</annotation>
		<image>flickr</image>
		<flickrid>329641236</flickrid>
	</source>
	<owner>
		<flickrid>dutchie_in_mobile</flickrid>
		<name>Eric de Jong</name>
	</owner>
	<size>
		<width>375</width>
		<height>500</height>
		<depth>3</depth>
	</size>
	<segmented>0</segmented>
	<object>
		<name>aeroplane</name>
		<pose>Unspecified</pose>
		<truncated>0</truncated>
		<difficult>0</difficult>
		<bndbox>
			<xmin>56</xmin>
			<ymin>328</ymin>
			<xmax>204</xmax>
			<ymax>390</ymax>
		</bndbox>
	</object>
</annotation>
