<annotation>
	<folder>VOC2007</folder>
	<filename>000512.jpg</filename>
	<source>
		<database>The VOC2007 Database</database>
		<annotation>PASCAL VOC2007</annotation>
		<image>flickr</image>
		<flickrid>332869399</flickrid>
	</source>
	<owner>
		<flickrid>jimcnb</flickrid>
		<name>Juergen</name>
	</owner>
	<size>
		<width>500</width>
		<height>375</height>
		<depth>3</depth>
	</size>
	<segmented>0</segmented>
	<object>
		<name>bus</name>
		<pose>Unspecified</pose>
		<truncated>0</truncated>
		<difficult>0</difficult>
		<bndbox>
			<xmin>20</xmin>
			<ymin>79</ymin>
			<xmax>423</xmax>
			<ymax>357</ymax>
		</bndbox>
	</object>
</annotation>
