<annotation>
	<folder>VOC2007</folder>
	<filename>000673.jpg</filename>
	<source>
		<database>The VOC2007 Database</database>
		<annotation>PASCAL VOC2007</annotation>
		<image>flickr</image>
		<flickrid>300814528</flickrid>
	</source>
	<owner>
		<flickrid>Chrissie64</flickrid>
		<name>Chris Morgan</name>
	</owner>
	<size>
		<width>500</width>
		<height>333</height>
		<depth>3</depth>
	</size>
	<segmented>0</segmented>
	<object>
		<name>cat</name>
		<pose>Unspecified</pose>
		<truncated>1</truncated>
		<difficult>0</difficult>
		<bndbox>
			<xmin>1</xmin>
			<ymin>1</ymin>
			<xmax>485</xmax>
			<ymax>333</ymax>
		</bndbox>
	</object>
</annotation>
