<annotation>
	<folder>VOC2007</folder>
	<filename>000701.jpg</filename>
	<source>
		<database>The VOC2007 Database</database>
		<annotation>PASCAL VOC2007</annotation>
		<image>flickr</image>
		<flickrid>309286656</flickrid>
	</source>
	<owner>
		<flickrid>RICHild</flickrid>
		<name>RICH</name>
	</owner>
	<size>
		<width>500</width>
		<height>333</height>
		<depth>3</depth>
	</size>
	<segmented>0</segmented>
	<object>
		<name>person</name>
		<pose>Unspecified</pose>
		<truncated>1</truncated>
		<difficult>0</difficult>
		<bndbox>
			<xmin>132</xmin>
			<ymin>43</ymin>
			<xmax>499</xmax>
			<ymax>295</ymax>
		</bndbox>
	</object>
</annotation>
