<annotation>
	<folder>VOC2007</folder>
	<filename>000759.jpg</filename>
	<source>
		<database>The VOC2007 Database</database>
		<annotation>PASCAL VOC2007</annotation>
		<image>flickr</image>
		<flickrid>328738860</flickrid>
	</source>
	<owner>
		<flickrid>dragon77c</flickrid>
		<name>?</name>
	</owner>
	<size>
		<width>500</width>
		<height>375</height>
		<depth>3</depth>
	</size>
	<segmented>0</segmented>
	<object>
		<name>dog</name>
		<pose>Unspecified</pose>
		<truncated>0</truncated>
		<difficult>0</difficult>
		<bndbox>
			<xmin>124</xmin>
			<ymin>113</ymin>
			<xmax>493</xmax>
			<ymax>369</ymax>
		</bndbox>
	</object>
</annotation>
