<annotation>
	<folder>VOC2007</folder>
	<filename>000703.jpg</filename>
	<source>
		<database>The VOC2007 Database</database>
		<annotation>PASCAL VOC2007</annotation>
		<image>flickr</image>
		<flickrid>249960511</flickrid>
	</source>
	<owner>
		<flickrid>ElaraSophia</flickrid>
		<name>Sophia</name>
	</owner>
	<size>
		<width>355</width>
		<height>500</height>
		<depth>3</depth>
	</size>
	<segmented>0</segmented>
	<object>
		<name>train</name>
		<pose>Frontal</pose>
		<truncated>1</truncated>
		<difficult>0</difficult>
		<bndbox>
			<xmin>1</xmin>
			<ymin>183</ymin>
			<xmax>290</xmax>
			<ymax>443</ymax>
		</bndbox>
	</object>
</annotation>
