<annotation>
	<folder>VOC2007</folder>
	<filename>000944.jpg</filename>
	<source>
		<database>The VOC2007 Database</database>
		<annotation>PASCAL VOC2007</annotation>
		<image>flickr</image>
		<flickrid>339184693</flickrid>
	</source>
	<owner>
		<flickrid>sheiladee</flickrid>
		<name>Sheila Devaney</name>
	</owner>
	<size>
		<width>500</width>
		<height>375</height>
		<depth>3</depth>
	</size>
	<segmented>0</segmented>
	<object>
		<name>person</name>
		<pose>Rear</pose>
		<truncated>1</truncated>
		<difficult>0</difficult>
		<bndbox>
			<xmin>228</xmin>
			<ymin>98</ymin>
			<xmax>373</xmax>
			<ymax>375</ymax>
		</bndbox>
	</object>
</annotation>
