<annotation>
	<folder>VOC2007</folder>
	<filename>000955.jpg</filename>
	<source>
		<database>The VOC2007 Database</database>
		<annotation>PASCAL VOC2007</annotation>
		<image>flickr</image>
		<flickrid>337949404</flickrid>
	</source>
	<owner>
		<flickrid>auskiller2003</flickrid>
		<name>Kevin Ward</name>
	</owner>
	<size>
		<width>500</width>
		<height>332</height>
		<depth>3</depth>
	</size>
	<segmented>0</segmented>
	<object>
		<name>person</name>
		<pose>Unspecified</pose>
		<truncated>0</truncated>
		<difficult>0</difficult>
		<bndbox>
			<xmin>139</xmin>
			<ymin>62</ymin>
			<xmax>385</xmax>
			<ymax>332</ymax>
		</bndbox>
	</object>
</annotation>
