<annotation>
	<folder>VOC2007</folder>
	<filename>001038.jpg</filename>
	<source>
		<database>The VOC2007 Database</database>
		<annotation>PASCAL VOC2007</annotation>
		<image>flickr</image>
		<flickrid>332375643</flickrid>
	</source>
	<owner>
		<flickrid>Pepecat</flickrid>
		<name>Donna S</name>
	</owner>
	<size>
		<width>500</width>
		<height>410</height>
		<depth>3</depth>
	</size>
	<segmented>0</segmented>
	<object>
		<name>person</name>
		<pose>Frontal</pose>
		<truncated>1</truncated>
		<difficult>0</difficult>
		<bndbox>
			<xmin>162</xmin>
			<ymin>91</ymin>
			<xmax>452</xmax>
			<ymax>410</ymax>
		</bndbox>
	</object>
</annotation>
