<annotation>
	<folder>VOC2007</folder>
	<filename>001046.jpg</filename>
	<source>
		<database>The VOC2007 Database</database>
		<annotation>PASCAL VOC2007</annotation>
		<image>flickr</image>
		<flickrid>305263161</flickrid>
	</source>
	<owner>
		<flickrid>FlyGuy92586</flickrid>
		<name>Martin Rottler</name>
	</owner>
	<size>
		<width>500</width>
		<height>281</height>
		<depth>3</depth>
	</size>
	<segmented>0</segmented>
	<object>
		<name>aeroplane</name>
		<pose>Unspecified</pose>
		<truncated>0</truncated>
		<difficult>0</difficult>
		<bndbox>
			<xmin>15</xmin>
			<ymin>117</ymin>
			<xmax>430</xmax>
			<ymax>243</ymax>
		</bndbox>
	</object>
</annotation>
