<annotation>
	<folder>VOC2007</folder>
	<filename>001016.jpg</filename>
	<source>
		<database>The VOC2007 Database</database>
		<annotation>PASCAL VOC2007</annotation>
		<image>flickr</image>
		<flickrid>312368296</flickrid>
	</source>
	<owner>
		<flickrid>mapled</flickrid>
		<name>Philipp</name>
	</owner>
	<size>
		<width>500</width>
		<height>333</height>
		<depth>3</depth>
	</size>
	<segmented>0</segmented>
	<object>
		<name>train</name>
		<pose>Unspecified</pose>
		<truncated>0</truncated>
		<difficult>0</difficult>
		<bndbox>
			<xmin>206</xmin>
			<ymin>135</ymin>
			<xmax>483</xmax>
			<ymax>237</ymax>
		</bndbox>
	</object>
</annotation>
