<annotation>
	<folder>VOC2007</folder>
	<filename>001019.jpg</filename>
	<source>
		<database>The VOC2007 Database</database>
		<annotation>PASCAL VOC2007</annotation>
		<image>flickr</image>
		<flickrid>339485211</flickrid>
	</source>
	<owner>
		<flickrid>DonnaGrayson</flickrid>
		<name>Donna Grayson</name>
	</owner>
	<size>
		<width>375</width>
		<height>500</height>
		<depth>3</depth>
	</size>
	<segmented>0</segmented>
	<object>
		<name>cat</name>
		<pose>Unspecified</pose>
		<truncated>0</truncated>
		<difficult>0</difficult>
		<bndbox>
			<xmin>3</xmin>
			<ymin>1</ymin>
			<xmax>375</xmax>
			<ymax>405</ymax>
		</bndbox>
	</object>
</annotation>
