<annotation>
	<folder>VOC2007</folder>
	<filename>001020.jpg</filename>
	<source>
		<database>The VOC2007 Database</database>
		<annotation>PASCAL VOC2007</annotation>
		<image>flickr</image>
		<flickrid>337594881</flickrid>
	</source>
	<owner>
		<flickrid>boyhowdy</flickrid>
		<name>Boyhowdy</name>
	</owner>
	<size>
		<width>375</width>
		<height>500</height>
		<depth>3</depth>
	</size>
	<segmented>0</segmented>
	<object>
		<name>person</name>
		<pose>Unspecified</pose>
		<truncated>0</truncated>
		<difficult>0</difficult>
		<bndbox>
			<xmin>75</xmin>
			<ymin>63</ymin>
			<xmax>287</xmax>
			<ymax>500</ymax>
		</bndbox>
	</object>
</annotation>
