<annotation>
	<folder>VOC2007</folder>
	<filename>001030.jpg</filename>
	<source>
		<database>The VOC2007 Database</database>
		<annotation>PASCAL VOC2007</annotation>
		<image>flickr</image>
		<flickrid>329895454</flickrid>
	</source>
	<owner>
		<flickrid>tedos</flickrid>
		<name>Edward Osmotherley</name>
	</owner>
	<size>
		<width>500</width>
		<height>322</height>
		<depth>3</depth>
	</size>
	<segmented>0</segmented>
	<object>
		<name>train</name>
		<pose>Left</pose>
		<truncated>1</truncated>
		<difficult>0</difficult>
		<bndbox>
			<xmin>36</xmin>
			<ymin>77</ymin>
			<xmax>442</xmax>
			<ymax>265</ymax>
		</bndbox>
	</object>
</annotation>
