<annotation>
	<folder>VOC2007</folder>
	<filename>001029.jpg</filename>
	<source>
		<database>The VOC2007 Database</database>
		<annotation>PASCAL VOC2007</annotation>
		<image>flickr</image>
		<flickrid>332119938</flickrid>
	</source>
	<owner>
		<flickrid>brick8909</flickrid>
		<name>?</name>
	</owner>
	<size>
		<width>500</width>
		<height>375</height>
		<depth>3</depth>
	</size>
	<segmented>0</segmented>
	<object>
		<name>tvmonitor</name>
		<pose>Frontal</pose>
		<truncated>0</truncated>
		<difficult>0</difficult>
		<bndbox>
			<xmin>242</xmin>
			<ymin>43</ymin>
			<xmax>454</xmax>
			<ymax>238</ymax>
		</bndbox>
	</object>
</annotation>
