<annotation>
	<folder>VOC2007</folder>
	<filename>001090.jpg</filename>
	<source>
		<database>The VOC2007 Database</database>
		<annotation>PASCAL VOC2007</annotation>
		<image>flickr</image>
		<flickrid>338116305</flickrid>
	</source>
	<owner>
		<flickrid>episodic</flickrid>
		<name>episodic</name>
	</owner>
	<size>
		<width>500</width>
		<height>356</height>
		<depth>3</depth>
	</size>
	<segmented>0</segmented>
	<object>
		<name>car</name>
		<pose>Right</pose>
		<truncated>0</truncated>
		<difficult>0</difficult>
		<bndbox>
			<xmin>18</xmin>
			<ymin>159</ymin>
			<xmax>474</xmax>
			<ymax>287</ymax>
		</bndbox>
	</object>
</annotation>
